Host movie,Nested movie,
(500) Days of Summer,The Graduate (1967),
10 Cloverfield Lane (2016),Pretty in Pink (1986),
13 Going on 30 (2004),From Here to Eternity (1953),
30 Minutes or Less (2011),Die Hard (1988),
30 Minutes or Less (2011),Friday the 13th Part III (1982),
40 Year Old Virgin (2005),The Bourne Identity (2002),
50 First Dates (2004),The Sixth Sense (1999),
84 Charing Cross Road (1987),Brief Encounter (1945),
1941 (1979),Dumbo (1941),
A Little Romance (1979),The Sting (1973),
A Nightmare on Elm Street (1984),The Evil Dead (1981),
A Star Is Born (1954),The Charge at Feather River (1953),
A Touch of Class (1973),Brief Encounter (1945),
About a Boy (2002),Billy Elliot (2000),
About a Boy (2002),The Bride of Frankenstein (1935),
After the Fox (1966),Easy Living (1949),
All Over The Guy (2001),Gone With The Wind (1939),
Alligator (1980),The Lost World (1960),
Almost Famous (2000),A Foreign Affair (1948),
Amelie (2001),Father's Little Dividend (1951),
Amelie (2001),Jules and Jim (1962),
American Psycho (2000),The Texas Chain Saw Massacre (1974),
Android (1982),Metropolis (1927),
Anomalisa (2015),My Man Godfrey (1936),
Argo (2012),Battle for the Planet of the Apes (1973),
Arizona Dream (1992),Raging Bull (1980),
Atomic Twister (2002),Twister (1996),
Atonement (2007),Port of Shadows (Le Quai des Brumes) (1938),
Away We Go (2008),The Sound of Music (1965),
Baby's Day Out (1994),Twelve O'Clock High (1949),
Bachelor Party (1984),The Little Princess (1939),
Back To the Future Part 2 (1989),Fist Full of Dollars (1964),
Bad Teacher (2011),Lean On Me (1989),
Bad Teacher (2011),Stand and Deliver (1988),
Before I Wake (2016),House on Haunted Hill (1959),
Belly (1998),Gummo (1997),
Berry Gordy's The Last Dragon (1985),Enter the Dragon (1973),
Berry Gordy's The Last Dragon (1985),Fist of Fury (1972),
Berry Gordy's The Last Dragon (1985),The Big Boss (Tang shan da xiong) (1971),
Big (1988),The French Connection (1971),
Big Daddy (1999),Young Frankenstein (1974),
Black Hawk Down (2001),The Jerk (1979),
Blazing Saddles,Blazing Saddles,
Blow Out (1981),Murder a la Mod (1968),
Blow Out (1981),Coed Frenzy,
Blue is the Warmest Color (2013),Pandora's Box (1925),
Boiler Room (2000),Wall Street (1987),
Bombshell (1933),Red Dust (1932),
Bonnie and Clyde (1967),Gold Diggers Of 1933 (1933),
Bound (1996),Night of the Living Dead (1968),
Brazil (1985),The Cocoanuts (1929),
Bride of Chucky (1998),The Bride of Frankenstein (1935),
Bridesmaids (2011),Cast Away (2000),
Bring it On (2000),Sweet Charity (1969),
Broken Flowers (2005),The Private Life of Don Juan (1934),
Bruce Almighty,It's a Wonderful Life (1946),
Brute Force (1947),The Egg and I (1947),
Cape Fear (1991),Problem Child (1990),
Carol (2015),Sunset Blvd. (1950),
Casino (1995),He Walked By Night (1948),
Casino (1995),The Boys From Brazil (1978),
Catch Me if You Can (2002),Goldfinger (1964),
Chicken Little (2005),Raiders Of The Lost Ark (1981),
Child's Play (1988),Donovan's Brain (1953),
Chocolate,Ong Bak,
Christine (1983),Thank God It's Friday (1978),
Citizens of the World (2019),The Outlaw (1943),
City Hunter (1993),The Game of Death (1978),
Clay Pigeons (1998),Alien (1979),
Close Encounters of the Third Kind (1977),The Ten Commandments (1956),
Close Encounters of the Third Kind (1977),Duck Dodgers in the 24 1/2 Century (1953),
Clueless (1995),Spartacus (1960),
Creepshow (1982),A Star is Born (1937),
Creepshow (1982),The Bank Dick (1940),
Crimes and Misdemeanors (1989),Francis (1950),
Crimes and Misdemeanors (1989),Happy Go Lucky (1943),
Crimes and Misdemeanors (1989),Mr. & Mrs. Smith (1941),
Crimes and Misdemeanors (1989),The Last Gangster (1937),
Crimes and Misdemeanors (1989),This Gun For Hire (1942),
Dancer in the Dark (2000),42nd Street (1933),
Death Valley (1982),The Sunset Trail (1932),
Diner (1982),A Summer Place (1959),
Diner (1982),The Seventh Seal (1957),
Donnie Darko (2001),The Evil Dead (1981),
Dragon: The Bruce Lee Story (1993),Breakfast At Tiffany's (1961),
Drillbit Taylor (2008),Fight Club (1999),
Dunston Checks In (1996),Planet Of The Apes (1968),
E.T.: The Extra-Terrestrial (1982),The Quiet Man (1952),
E.T.: The Extra-Terrestrial (1982),This Island Earth (1955),
Earth Girls Are Easy (1988),Rebel Without A Cause (1955),
Easy A (2010),The Adventures Of Huckleberry Finn (1939),
Ed Wood (1994),White Zombie (1932),
Employee Of The Month (2006),The Princess Bride (1987),
Encino Man (1992),The Terminator (1984),
Enough Said (2013),Riley (2011),
Eternal Sunshine of the Spotless Mind (2004),Monster on the Campus (1958),
Explorers (1985),The War of the Worlds (1953),
Field Of Dreams (1989),Harvey (1950),
Femme Fatale (2002),Double Indemnity (1944),
Firewall (2006),Forbidden Planet (1956),
Fluke (1995),Robin and Marian (1976),
Footlight Parade (1933),The Telegraph Trail (1933),
Friends With Benefits (2011),On The Waterfront (1954),
Friday the 13th: A New Beginning (1985),A Place in the Sun (1951),
Fright (1971),The Plague of the Zombies (1966),
Garfield (2004),Benji (1974),
Get Shorty (1995),Rio Bravo (1959),
Get Shorty (1995),Touch of Evil (1958),
Ghost World (2001),Gumnaam (1965),
Ghostbusters II (1989),The Lady From Shanghai (1947),
Goodfellas (1990),The Jazz Singer (1927),
Grabbers (2012),Night of the Living Dead (1968),
Gray Lady Down (1978),Jaws (1975),
Greenberg (2010),Just My Luck (2006),
Gremlins (1984),Hemo the Magnificent (1957),
Gremlins (1984),Invasion of the Body Snatchers (1956),
Gremlins (1984),It's a Wonderful Life (1946),
Gremlins (1984),Orpheus (1950),
Gremlins (1984),Snow White and the Seven Dwarfs (1937),
Gremlins (1984),To Please a Lady (1950),
Gremlins 2: The New Batch (1990),It's a Wonderful Life (1946),
Gremlins 2: The New Batch (1990),Octaman (1971),
Gremlins 2: The New Batch (1990),Rambo: First Blood Part II (1985),
Gremlins 2: The New Batch (1990),The Beast From 20000 Fathoms (1953),
Hail Caesar! (2016),Hail Caesar: A Story of the Christ,
Hail Caesar! (2016),Lazy Ol' Moon,
Hail Caesar! (2016),Merrily We Dance,
Halloween (1978),The Thing From Another World (1951),
Halloween (1978),Forbidden Planet (1956),
Halloween (2007),Forbidden Planet (1956),
Halloween (2007),House on Haunted Hill (1959),
Halloween (2007),The Thing From Another World (1951),
Halloween H20: Twenty Years Later (1998),Plan 9 From Outer Space (1959),
Halloween H20: Twenty Years Later (1998),Scream 2 (1997),
Halloween II (1981),Night of the Living Dead (1968),
Halloween III: Season of the Witch (1982),Halloween (1978),
Halloween: The Curse of Michael Myers (1995),The Phantom of the Opera (1925),
Hannah and Her Sisters (1986),Duck Soup (1933),
Hatchet For the Honeymoon (1970),Black Sabbath (1963),
HeartBreakers (2001),Too Late for Tears (1949),
Heartburn (1986),The Brain That Wouldn't Die (1962),
Hearts in Atlantis,A Star Is Born (1954),
Heavenly Creatures (1994),The Third Man (1949),
Home Alone (1990),Miracle On 34th Street (1947),
Home Alone 3 (1997),Ride Beyond Vengeance (1966),
Hostel Part II (2007),Pulp Fiction (1994),
Hot Fuzz (2007),Bad Boys 2,
Hot Fuzz (2007),Point Break (1991),
Housebound (2014),Jim Hanvey Detective (1937),
How to Lose Friends and Alienate People (2008),La Dolce Vita (1960),
Hugo (2011),A Trip To The Moon (1902),
Hustle (1975),A Man and a Woman (1966),
I Am Legend (2007),Shrek (2001),
I Love You To Death (1990),Bridge On The River Kwai (1957),
I Walk the Line (1970),HookLine and Sinker (1969),
In America (2002),The Grapes Of Wrath (1940),
In Bruges,Touch of Evil (1958),
In Her Shoes (2005),The Best of Everything (1959),
In the Mouth of Madness (1994),In the Mouth of Madness (1994),
Independence Day (1996),The Day the Earth Stood Still (1951),
Interview With The Vampire (1994),Sunrise (1927),
It Follows (2014),Killers from Space (1954),
It Follows (2014),Voyage to the Planet of Prehistoric Women (1968),
Jack (1996),The Gold Rush (1925),
Jack Reacher (2012),The Big Country (1958),
Jack Ryan: Shadow Recruit (2014),Rosemary's Baby (1968),
Jack Ryan: Shadow Recruit (2014),Sorry Wrong Number (1948),
Jackie Brown (1997),Detriot 9000 (1973),
Jackie Brown (1997),Dirty Mary Crazy Larry (1974),
Jackie Brown (1997),Beast with a Gun (La Belva col Mitra) (1977),
Jarhead (2005),Apocalypse Now (1979),
Jersey Boys (2014),Ace in the Hole (1951),
Jimmy Hollywood (1994),One-Eyed Jacks (1961),
Joy Ride (2001),The Girl Can't Help It (1956),
Juice,White Heat,
Jumanji (1995),The Wizard of Oz (1939),
Jumpin' Jack Flash (1986),Tales of Manhattan (1942),
Jurassic Park (1993),Jaws (1975),
Kill Bill Vol 2 (2004),The Golden Stallion (1949),
Kiss Kiss Bang Bang (2005),Blackout (1985),
Kiss Kiss Bang Bang (2005),Dead Aim (1987),
Kiss of the Damned (2012 ),Viridiana (1961),
Kiss of the Damned (2012),Indiscretion of an American Wife (1953),
L.A. Confidential (1997),Roman Holiday (1953),
L.A. Confidential (1997),This Gun For Hire (1942),
La La Land (2016),Rebel Without a Cause,
Last Action Hero,The Seventh Seal,
Leaving Las Vegas (1995),The Third Man (1949),
Legal Eagles (1986),Singin In The Rain (1952),
Leon: The Professional (1994),It's Always Fair Weather (1955),
Lethal Weapon (1987),A Christmas Carol (1951),
Lethal Weapon (1987),Bugs Bunny's Christmas Carol (1979),
Lethal Weapon (1987),Three Missing Links (1938),
Lethal Weapon (1987),Scrooge (1951),
Lights Out (2016),Auntie Mame (1958),
Limitless (2011),The Way Of The Dragon (1972),
Lost in Translation (2003),La Dolce Vita (1960),
Love Actually (2003),Titanic (1997),
magnolia (1999),I Love You Again (1940),
Mama (2013),Silent Running (1972),
Manhattan Murder Mystery (1993),Double Indemnity (1944),
Mean Girls (2004),Friday the 13th part 2 (1981),
Mean Streets (1973),The Searchers (1956),
Mean Streets (1973),The Tomb of Ligeia (1964),
Meet The Fockers (2004),Scarface (1983),
Middle of Nowhere (2012),Ali: Fear Eats the Soul (1974),
Minority Report (2002),House of Bamboo (1955),
Minority Report (2002),The Mark of Zorro (1940),
Mississippi Mermaid (1969),La Marseilles (1938),
Motel Hell (1980),The Monster That Challenged the World (1957),
Mr. Mom (1983),I Was a Male War Bride (1949),
Mr Popper's Penguins (2011),The Circus (1928),
Munich (2005),The Man Who Shot Liberty Valance (1962),
Murphy's Romance (1985),Friday the 13th Part III (1982),
My Favorite Year (1982),Lord Jim (1968),
My Favorite Year (1982),Great Catherine (1965),
Mystic River (2003),Vampires (1998),
Naked Gun 33 1/3: The Final Insult (1994),Star Wars - Episode IV: A New Hope (1977),
Need for Speed (2014),Bullitt (1968),
Next (2007),Dr Strangelove (1964),
Night of the Creeps (1986),Plan 9 From Outer Space (1959),
Nightcrawler (2014),The Court Jester (1955),
No Country for Old Men (2007),Flight from Tangier (1953),
Normal Life (1996),Jason Goes to Hell: The Final Friday (1993),
O Brother Where Art Thou? (2000),Myrt and Marge (1933),
One Hour Photo (2002),The Day the Earth Stood Still (1951),
One Hundred and One Dalmatians (1961),Springtime (1929),
One True Thing (1998),To Kill A Mockingbird (1962),
Orgazmo (1997),Cannibal! The Musical (1993),
Out of Time (2003),Legally Blonde (2001),
Overdrawn at the Memory Bank,Casablanca (1942),
P.S. I Love You,A Star Is Born (1954),
Pennies From Heaven (1981),Follow the Fleet (1936),
Pineapple Express (2008),Krull (1983),
Pineapple Express (2008),The 5000 Fingers of Dr. T (1953),
Piranha (1978),The Monster That Challenged the World (1957),
Pitch Perfect (2012),The Breakfast Club (1985),
Planet of the Apes (2001),The Day the Earth Stood Still (1951),
Play It Again Sam (1972),Casablanca (1942),
Point Blank (1967),The Cobweb (1955),
Primary Colors (1998),Shane (1953),
Prom Night (2008),Can't Hardly Wait (1998),
Prometheus (2012),Lawrence of Arabia (1962),
Public Enemies (2009),Manhattan Melodrama (1934),
Pulp Fiction (1994),Brideless Groom (1947),
Pulp Fiction (1994),Nam's Angels (1970),
Pulse (1988),Starman (1984),
Radio Flyer (1992),The 7th Voyage Of Sinbad (1958),
Rain Man (1988),Sweet Smell of Success (1957),
Rain Man (1988),The Barkleys of Broadway (1949),
Rain Man (1988),The Naughty Nineties (1945),
Ransom for a Dead Man (1971),Double Indemnity (1944),
Richie Rich (1994),North By Northwest (1959),
Ricochet (1991),White Heat (1949),
Rise of the planet if the apes (2011),Planet of the apes (1968),
Rise of the Planet of the Apes (2011),Francis (1950),
Rise of the Planet of the Apes (2011),French Connection II (1975),
Rise of the Planet of the Apes (2011),The Agony and the Ecstasy (1965),
Rise Of The Planet of the Apes (2011),The Ten Commandements (1956),
Road to Bali (1952),The African Queen,
Road To Nowhere (2010),The Lady Eve (1941),
Rocky (1976),A Christmas Carol (1938),
Rocky V (1990),Christmas Vacation (1989),
Role Models (2008),American Me (1992),
Romy and Michele's High School Reunion (1997),Pretty Woman (1990),
Running Scared (2006),The Cowboys (1972),
Sabotage (1936),Who Killed Cock Robin? (1935),
Saving Mr. Banks (2013),Mary Poppins (1964),
Scary Movie (2000),Shakespeare in Love (1998),
Scream (1996),Halloween (1978),
Screwed (2000),Glen or Glenda (1953),
Scrooged (1988),A Christmas Carol (1938),
Seven Psychopaths (2012),Violent Cop (1989),
Sex and the City 2 (2010),It Happened One Night (1934),
Shallow Grave (1994),The Wicker Man (1973),
Short Curcuit (1986),Saturday Night Fever (1977),
Sky Captain and the World of Tomorrow (2004),The Wizard of Oz (1939),
Slap Shot (1977),The Land Unknown (1957),
Sleepless in Seattle (1993),An Affair to Remember (1957),
Slither (2006),The Toxic Avenger (1984),
Slumber Party Massacre II (1987),Rock 'n' Roll High School (1979),
Sneakers (1992),Touch of Evil (1958),
Southland Tales (2006),Kiss Me Deadly (1955),
Spaceballs (1987),Spaceballs (1987),
Spartan (2004),Too Late for Tears (1949),
Starman (1984),From Here to Eternity (1953),
Starman (1984),The Charge at Feather River (1953),
Step Brothers (2008),Above the Law (1988),
Stranger than Fiction (2006),Monty Python's: The Meaning of Life (1985),
Stranger Than Fiction (2006),A Man and a Woman (1966),
Stuart Little 2 (2002),Vertigo (1958),
Suburban Girl (2007),Citizen Kane (1941),
Sugar & Spice (2001),Heat (1995),
Sugar & Spice (2001),Point Break (1991),
Sullivan's Travels (1941),Playful Pluto (1934),
Summer of '42 (1971),Now Voyager (1942),
Sunset Blvd. (1950),Queen Kelly (1929),
Super (2010),Haxan: Witchcraft Through the Ages (1922),
Super (2010),Troma's War (1988),
Supergirl (1984),Psycho II (1983),
Tank Girl (1995),It's a Pleasure (1945),
Targets (1968),The Criminal Code (1931),
Taxi Driver (1976),Sexual Freedom in Denmark (1969),
Two Weeks in Another Town (1962),The Bad and the Beautiful,
The 'Burbs (1989),Race With the Devil (1975),
The 'Burbs (1989),The Exorcist (1973),
The 'Burbs (1989),The Texas Chainsaw Massacre 2 (1986),
The 40-Year-Old Virgin (2005),Dawn of the Dead (2004),
The American (2010),Once Upon A Time In The West (1968),
The Apartment (1960),Angel and the Badman (1947),
The Apartment (1960),Fort Apache (1948),
The Apartment (1960),Stagecoach (1939),
The Aviator (2004),Hell's Angels (1930),
The Aviator (2004),The Jazz Singer (1927),
The Aviator (2004),The Outlaw (1943),
The Babadook (2014),An Extraordinary Dislocation (1901),
The Babadook (2014),Black Sabbath (1963),
The Babadook (2014),Carnival of Souls (1962),
The Babadook (2014),The Damnation of Faust (1903),
The Babadook (2014),Four Heads Are Better Than One (1898),
The Babadook (2014),The Cake-Walk Infernal (1903),
The Babadook (2014),The Eclipse: Courtship of the Sun and Moon (1907),
The Babadook (2014),The Haunted House (1908),
The Babadook (2014),The Magic Book (1900),
The Babadook (2014),The Phantom of the Opera (1925),
The Babadook (2014),The Strange Love of Martha Ivers (1946),
The Big Chill (1983),It Came From Beneath The Sea (1955),
The Big Sick (2017),Night of the Living Dead (1969),
The Big Sick (2017),The Abominable Dr. Phibes (1971),
The Blob (1958),Dementia (1955),
The Butterfly Effect (2004),Seven (1995),
The Cable Guy (1996),Play Misty For Me (1971),
The Cable Guy (1996),Sleepless in Seattle (1993),
The Cider House Rules (1985),King Kong (1933),
The Cider House Rules (1985),Rebecca (1940),
The Courtship of Eddie's Father (1963),Mogambo (1953),
The Cure (1995),2001 A Space Odyssey (1968),
The Departed (2006),Audition (1999),
The Departed (2006),Debbie Does Dallas: The Revenge (2003),
The Dreamers (2003),The Girl Can't Help It (1956),
The Dressmaker (2015),Sunset Blvd. (1950),
The English Patient (1996),Gold Diggers of 1933 (1933),
The Family Stone (2005),Meet Me in St. Louis (1944),
The Fast and the Furious (2001),Dragon: The Bruce Lee Story (1993),
The Fisher King (1991),Gilda (1946),
The Fisher King (1991),The Lady from Shanghai (1947),
The Freshman (1990),The Godfather Part II (1974),
The Funhouse (1981),The Bride of Frankenstein (1935),
The Green Mile,Top Hat (1935),
The Grifters (1990),The Lady Vanishes (1938),
The Guard (2011),The Shout (1978),
The Illusionist (2010),Mon Oncle (1958),
The Informant (2009),The Firm (1993),
The Iron Lady (2011),The King And I (1956),
The King of Comedy (1983),Pickup on South Street (1953),
The Last Boy Scout (1991),Lethal Weapon (1987),
The Last Picture Show (1971),Father of the Bride (1950),
The Last Picture Show (1971),Red River (1948),
The Last Shot (2004),Casablanca (1942),
The Legend of Billie Jean (1985),Saint Joan (1957),
The Long Kiss Goodnight (1996),Disorder in the Court (1936),
The Long Kiss Goodnight (1996),The Long Goodbye (1973),
The Lost Boys (1987),The Phantom from 10000 Leagues (1955),
The Lost Boys (1987),THEM! (1954),
The Majestic (2001),The Day The Earth Stood Still (1951),
The Man Who Knew Too Little (1997),Copycat (1995),
The Matrix (1999),Night of the Lepus (1972),
The Matrix Reloaded (2003),Baraka (1992),
The Matrix Reloaded (2003),The Brides of Dracula (1960),
The Matrix Reloaded (2003),The Matrix (1999),
The Naked Gun 2_: The Smell of Fear (1991),The Ten Commandments (1956),
The Notebook (2004),Li'l Abner (1940),
The Omega Man (1971),Woodstock (1970),
The Perks of Being a Wallflower (2012),The Rocky Horror Picture Show (1975),
The Player (1992),The Bicycle Thief (1948),
The Postman,The Sound of Music (1965),
The Prize (1963),Bombshell (1933),
The Purple Rose of Cairo (1985),Top Hat (1935),
The Ref (1994),It's A Wonderful Life (1946),
The Sandlot (1993),The Wolf Man (1941),
The Shape of Water (2017),The Story of Ruth (1960),
The Shape of Water (2017),Mardi Gras (1958),
The Shape of Water (2017),That Night in Rio,
The Shape of Water (2017),Sun Valley Serenade,
The Shape of Water (2017),Hello Frisco, 
The Shape of Water (2017),Coney Island,
The Shape of Water (2017),The Little Colonel,
The Shawshank Redemption (1994),Gilda (1946),
The Shining (1980),Summer of '42 (1971),
The Squid and the Whale (2005),Blue Velvet (1986),
The Sugarland Express (1974),Sssssss (1973),
The Sugarland Express (1974),Whoa Be Gone! (1958),
The Tenant (1976),Enter The Dragon (1973),
The Third Man (1949),Maresi (1948),
The Tiger And The Snow (2005),The Good The Bad And The Ugly (1966),
The Town,Heat (1995),
The Twilight Saga: New Moon (2009),Romeo & Juliet (1968),
The Watch (2012),Alvin and the Chipmunks: Chipwrecked (2011),
The Watch (2012),Wild Things (1998),
The Weather Man (2005),Clear and Present Danger (1994),
The Yes Man (2008),Saw (2004),
They Live (1988),The Monolith Monsters (1957),
Things We Lost In The Fire (2007),Sunset Boulevard (1950),
This Means War (2012),Titanic (1997),
Throw Momma From the Train (1987),Strangers on a Train (1951),
Tian Zhu Ding aka A Touch of Sin (2013),Ching Se aka Green Snake (1993),
Tian Zhu Ding aka A Touch of Sin (2013),Fong Juk (Exiled) (2006),
To Live and Die in L.A. (1985),Of Human Bondage (1934),
Tommy Boy (1995),Naked Gun 33 1/3: The Final Insult (1994),
Trading Places (1983),To Catch a Thief (1955),
Trick 'r Treat (2007),House on Haunted Hill (1959),
True Romance (1992),Return of the Street Fighter (Satsujin Ken 2) (1974),
True Romance (1993),Freejack (1992),
True Romance (1993),Stay Tuned (1992),
True Romance (1993),The Mack (1973),
True Romance (1993),The Street Fighter Sister Street Fighter,
True Romance (1993),Ying Hung Boon Sik II aka A Better Tomorrow II (1987),
Truly Madly Deeply (1990),Brief Encounter (1945),
Twelve Monkeys (1995),Vertigo (1958),
Twelve Monkeys (1995),The Birds (1963),
Twilight (1998),Downhill Racer (1969),
Twister (1996),The Shining (1980),
Twister (1996),A Star Is Born (1954),
US Marshals (1998),Bullitt (1968),
Used People (1992),The Graduate (1967),
V for Vendetta,The Count of Monte Cristo,
Vampire's Kiss (1988),Nosferatu (1922),
Vanilla Sky (2001),Sabrina (1954),
Wall-E (2008),Hello Dolly (1969),
WarGames (1983),One MIllion Years B.C. (1966),
WarGames (1983),The Land That TIme Forgot (1975),
Waxwork II: Lost in Time (1992),Lobster Man From Mars (1989),
Weird Science (1985),Frankenstein (1931),
Welcome To Woop Woop (1997),South Pacific (1958),
What Ever Happened to Baby Jane? (1962),Parachute Jumper (1933),
What Ever Happened to Baby Jane? (1962),Ex-Lady (1933),
What Ever Happened to Baby Jane? (1962),Sadie McKee,
When Brendan Met Trudy (2000),The Hunchback Of Notre Dame (1939),
When Harry Met Sally (1989),Casablanca (1942),
Whip It (2009),The Jerk (1979),
White Heat (1949),Task Force (1949),
Wild Boys of the Road (1933),Footlight Parade (1933),
Witness for the Prosecution (1957),Jesse James (1939),
World's Greatest Dad (2009),Night of the Living Dead (1968),
You Me And Dupree (2006),Roman Holiday (1953),
Zodiac (2007),Dirty Harry (1971),
Zombieland (2009),Ghostbusters (1984),